,Name,Min,Max,Mean
0,Evolution,0.6,0.6,0.6
1,LFOSpeed,0.5317460299,0.6015625,0.5666542649499999
2,FilterLFOCutoffMod,0.5,0.828125,0.6640625
