,Name,Min,Max,Mean
0,Evolution,0.9,0.9,0.9
1,LFOSpeed,0.7698412538,0.777777791,0.77142856124
2,FilterLFOCutoffMod,0.5,0.675673902,0.6241543412
