,Name,Min,Max,Mean
0,Evolution,0.8,0.8,0.8
1,LFOSpeed,0.703125,0.71875,0.7109375
2,FilterLFOCutoffMod,0.675673902,1.0,0.837836951
