,Name,Min,Max,Mean
0,Brightness,0.0,0.0,0.0
1,FilterCutoffFrequency,0.1587301642,0.2265625,0.21453373134999998
