,Name,Min,Max,Mean
0,Consistency,0.6,0.6,0.6
1,OscillatorDetune,0.3095238209,0.3095238209,0.3095238209
2,OscillatorDetune2,0.6904761791,0.6904761791,0.6904761791
3,KeyboardUnison,0,0,0.0
4,KeyboardUnisonToggle,True,True,1.0
5,VibratoAmount,0.4296875,0.4296875,0.4296875
6,VibratoSpeed,0.390625,0.390625,0.390625
