,Name,Min,Max,Mean
0,Brightness,0.4,0.4,0.4000000000000001
1,FilterCutoffFrequency,0.6507936716,0.6984127164,0.6746031840666666
