,Name,Min,Max,Mean
0,Brightness,0.8,0.8,0.7999999999999999
1,FilterCutoffFrequency,0.8046875,0.8412698507,0.8258928571285714
