,Name,Min,Max,Mean
0,Brightness,0.7,0.7,0.7
1,FilterCutoffFrequency,0.7698412538,0.793650806,0.7817460299000001
