,Name,Min,Max,Mean
0,Brightness,0.3,0.3,0.3
1,FilterCutoffFrequency,0.5238095522,0.53125,0.5291241577714285
