,Name,Min,Max,Mean
0,Evolution,0.0,0.0,0.0
1,LFOSpeed,0.396825403,0.5,0.4942680779444445
2,FilterLFOCutoffMod,0.0,0.28125,0.03125
